{
  "resourceType" : "CodeSystem",
  "id" : "contactortype-code-system",
  "text" : {
    "status" : "generated",
    "div" : "<div xmlns=\"http://www.w3.org/1999/xhtml\"><p class=\"res-header-id\"><b>Generated Narrative: CodeSystem contactortype-code-system</b></p><a name=\"contactortype-code-system\"> </a><a name=\"hccontactortype-code-system\"> </a><a name=\"contactortype-code-system-und\"> </a><p>This case-sensitive code system <code>http://fhir.cq.hc/CodeSystem/contactortype-code-system</code> defines the following code:</p><table class=\"codes\"><tr><td style=\"white-space:nowrap\"><b>Code</b></td><td><b>Display</b></td></tr><tr><td style=\"white-space:nowrap\">RES<a name=\"contactortype-code-system-RES\"> </a></td><td>负责人</td></tr></table></div>"
  },
  "url" : "http://fhir.cq.hc/CodeSystem/contactortype-code-system",
  "version" : "0.1.0",
  "name" : "ChineseContactorTypeCS",
  "title" : "联系人类型",
  "status" : "active",
  "experimental" : false,
  "date" : "2024-11-25T10:53:49+08:00",
  "publisher" : "重庆市卫生健康统计信息中心",
  "contact" : [{
    "name" : "重庆市卫生健康统计信息中心",
    "telecom" : [{
      "system" : "url",
      "value" : "http://www.cqshic.com"
    }]
  }],
  "description" : "中国联系人类型，如负责人等，更符合中文语义习惯",
  "caseSensitive" : true,
  "content" : "complete",
  "count" : 1,
  "concept" : [{
    "code" : "RES",
    "display" : "负责人"
  }]
}