URL,Version,Status,OIDs,Name,Title,Description,Used
http://fhir.cq.hc/CodeSystem/cn-hospitalleve-code-system,0.1.0,active,,CNHospitalLevelCS,中国医院三级评审等级代码,"中国医院三级评审等级代码，整合多系统的表述以自定义代码实现。",
http://fhir.cq.hc/CodeSystem/cn-hospitalnanagementtype-code-system,0.1.0,active,,CNHospitalManagementTypeCS,医院管理类型代码,"医院管理类型代码，使用WS 218-2002 卫生机构（组织）分类与代码中附录B，机构分类管理代码表作为标准。",
http://fhir.cq.hc/CodeSystem/contactortype-code-system,0.1.0,active,,ChineseContactorTypeCS,联系人类型,"中国联系人类型，如负责人等，更符合中文语义习惯",
http://fhir.cq.hc/CodeSystem/cq-administrativedivision-code-system,0.1.0,active,,CQAdministrativeDivisionCS,重庆区级行政区划代码,"重庆区级行政区划代码，来源于统一直报系统字典。",
http://fhir.cq.hc/CodeSystem/cq-streetdivision-code-system,0.1.0,active,,CQStreetDivisionCS,重庆（乡镇街道级）行政区划代码,"重庆（乡镇街道级）行政区划代码，来源于统一直报系统字典。",
http://fhir.cq.hc/CodeSystem/healthcareinstitutionstype-code-system,0.1.0,active,,HealthcareInstitutionsTypeCS,卫生机构（组织）分类与代码,"行业标准WS 218-2002 卫生机构（组织）分类与代码,不适用1、2级码，仅使用第三级代码",
http://fhir.cq.hc/CodeSystem/identifierType-code-system,0.1.0,active,,ChineseIdentifierTypeCS,标识类型,"中国标识类型，如身份证号，统一社会信用代码等，在FHIR标准的术语中扩充而成。",
http://fhir.cq.hc/CodeSystem/nationaleconomicindustryclassification-code-system,0.1.0,active,,NationalEconomicIndustryClassificationCS,经济类型分类代码,"国家标准 GB/T 12402-2000《经济类型分类与代码》",
http://fhir.cq.hc/CodeSystem/operatingstatus-code-system,0.1.0,active,,OperatingStatusCS,机构运营状态代码,"机构运营状态代码，来源于统一直报系统字典。",
http://fhir.cq.hc/CodeSystem/organizationtype-code-system,0.1.0,active,,OrganizationTypeCS,组织机构类型代码,"国家标准GB/T 20091-2021 组织机构类型",
