<?xml version="1.0" encoding="UTF-8"?>

<CodeSystem xmlns="http://hl7.org/fhir">
  <id value="identifierType-code-system"/>
  <text>
    <status value="generated"/><div xmlns="http://www.w3.org/1999/xhtml"><p class="res-header-id"><b>Generated Narrative: CodeSystem identifierType-code-system</b></p><a name="identifierType-code-system"> </a><a name="hcidentifierType-code-system"> </a><a name="identifierType-code-system-und"> </a><p>This case-sensitive code system <code>http://fhir.cq.hc/CodeSystem/identifierType-code-system</code> defines the following codes:</p><table class="codes"><tr><td style="white-space:nowrap"><b>Code</b></td><td><b>Display</b></td></tr><tr><td style="white-space:nowrap">CIN<a name="identifierType-code-system-CIN"> </a></td><td>公民身份号码</td></tr><tr><td style="white-space:nowrap">MIPLRN<a name="identifierType-code-system-MIPLRN"> </a></td><td>医疗机构执业许可证登记号</td></tr><tr><td style="white-space:nowrap">MOI<a name="identifierType-code-system-MOI"> </a></td><td>机构主索引号码</td></tr><tr><td style="white-space:nowrap">USCC<a name="identifierType-code-system-USCC"> </a></td><td>统一社会信用代码</td></tr><tr><td style="white-space:nowrap">HCOC<a name="identifierType-code-system-HCOC"> </a></td><td>卫生机构（组织）代码</td></tr></table></div>
  </text>
  <url value="http://fhir.cq.hc/CodeSystem/identifierType-code-system"/>
  <version value="0.1.0"/>
  <name value="ChineseIdentifierTypeCS"/>
  <title value="标识类型"/>
  <status value="active"/>
  <experimental value="false"/>
  <date value="2024-11-25T10:53:49+08:00"/>
  <publisher value="重庆市卫生健康统计信息中心"/>
  <contact>
    <name value="重庆市卫生健康统计信息中心"/>
    <telecom>
      <system value="url"/>
      <value value="http://www.cqshic.com"/>
    </telecom>
  </contact>
  <description value="中国标识类型，如身份证号，统一社会信用代码等，在FHIR标准的术语中扩充而成。"/>
  <caseSensitive value="true"/>
  <content value="complete"/>
  <count value="5"/>
  <concept>
    <code value="CIN"/>
    <display value="公民身份号码"/>
  </concept>
  <concept>
    <code value="MIPLRN"/>
    <display value="医疗机构执业许可证登记号"/>
  </concept>
  <concept>
    <code value="MOI"/>
    <display value="机构主索引号码"/>
  </concept>
  <concept>
    <code value="USCC"/>
    <display value="统一社会信用代码"/>
  </concept>
  <concept>
    <code value="HCOC"/>
    <display value="卫生机构（组织）代码"/>
  </concept>
</CodeSystem>