<?xml version="1.0" encoding="UTF-8"?>

<CodeSystem xmlns="http://hl7.org/fhir">
  <id value="cq-administrativedivision-code-system"/>
  <text>
    <status value="generated"/><div xmlns="http://www.w3.org/1999/xhtml"><p class="res-header-id"><b>Generated Narrative: CodeSystem cq-administrativedivision-code-system</b></p><a name="cq-administrativedivision-code-system"> </a><a name="hccq-administrativedivision-code-system"> </a><a name="cq-administrativedivision-code-system-und"> </a><p>This case-sensitive code system <code>http://fhir.cq.hc/CodeSystem/cq-administrativedivision-code-system</code> defines the following codes:</p><table class="codes"><tr><td style="white-space:nowrap"><b>Code</b></td><td><b>Display</b></td></tr><tr><td style="white-space:nowrap">000000<a name="cq-administrativedivision-code-system-000000"> </a></td><td>全国</td></tr><tr><td style="white-space:nowrap">500000<a name="cq-administrativedivision-code-system-500000"> </a></td><td>重庆市</td></tr><tr><td style="white-space:nowrap">500100<a name="cq-administrativedivision-code-system-500100"> </a></td><td>市辖区</td></tr><tr><td style="white-space:nowrap">500101<a name="cq-administrativedivision-code-system-500101"> </a></td><td>万州区</td></tr><tr><td style="white-space:nowrap">500102<a name="cq-administrativedivision-code-system-500102"> </a></td><td>涪陵区</td></tr><tr><td style="white-space:nowrap">500103<a name="cq-administrativedivision-code-system-500103"> </a></td><td>渝中区</td></tr><tr><td style="white-space:nowrap">500104<a name="cq-administrativedivision-code-system-500104"> </a></td><td>大渡口区</td></tr><tr><td style="white-space:nowrap">500105<a name="cq-administrativedivision-code-system-500105"> </a></td><td>江北区</td></tr><tr><td style="white-space:nowrap">500106<a name="cq-administrativedivision-code-system-500106"> </a></td><td>沙坪坝区</td></tr><tr><td style="white-space:nowrap">500107<a name="cq-administrativedivision-code-system-500107"> </a></td><td>九龙坡区</td></tr><tr><td style="white-space:nowrap">500108<a name="cq-administrativedivision-code-system-500108"> </a></td><td>南岸区</td></tr><tr><td style="white-space:nowrap">500109<a name="cq-administrativedivision-code-system-500109"> </a></td><td>北碚区</td></tr><tr><td style="white-space:nowrap">500110<a name="cq-administrativedivision-code-system-500110"> </a></td><td>綦江区</td></tr><tr><td style="white-space:nowrap">500111<a name="cq-administrativedivision-code-system-500111"> </a></td><td>大足区</td></tr><tr><td style="white-space:nowrap">500112<a name="cq-administrativedivision-code-system-500112"> </a></td><td>渝北区</td></tr><tr><td style="white-space:nowrap">500113<a name="cq-administrativedivision-code-system-500113"> </a></td><td>巴南区</td></tr><tr><td style="white-space:nowrap">500114<a name="cq-administrativedivision-code-system-500114"> </a></td><td>黔江区</td></tr><tr><td style="white-space:nowrap">500115<a name="cq-administrativedivision-code-system-500115"> </a></td><td>长寿区</td></tr><tr><td style="white-space:nowrap">500116<a name="cq-administrativedivision-code-system-500116"> </a></td><td>江津区</td></tr><tr><td style="white-space:nowrap">500117<a name="cq-administrativedivision-code-system-500117"> </a></td><td>合川区</td></tr><tr><td style="white-space:nowrap">500118<a name="cq-administrativedivision-code-system-500118"> </a></td><td>永川区</td></tr><tr><td style="white-space:nowrap">500119<a name="cq-administrativedivision-code-system-500119"> </a></td><td>南川区</td></tr><tr><td style="white-space:nowrap">500120<a name="cq-administrativedivision-code-system-500120"> </a></td><td>璧山区</td></tr><tr><td style="white-space:nowrap">500131<a name="cq-administrativedivision-code-system-500131"> </a></td><td>万盛经开区</td></tr><tr><td style="white-space:nowrap">500132<a name="cq-administrativedivision-code-system-500132"> </a></td><td>两江新区</td></tr><tr><td style="white-space:nowrap">500133<a name="cq-administrativedivision-code-system-500133"> </a></td><td>高新区</td></tr><tr><td style="white-space:nowrap">500151<a name="cq-administrativedivision-code-system-500151"> </a></td><td>铜梁区</td></tr><tr><td style="white-space:nowrap">500152<a name="cq-administrativedivision-code-system-500152"> </a></td><td>潼南区</td></tr><tr><td style="white-space:nowrap">500153<a name="cq-administrativedivision-code-system-500153"> </a></td><td>荣昌区</td></tr><tr><td style="white-space:nowrap">500154<a name="cq-administrativedivision-code-system-500154"> </a></td><td>开州区</td></tr><tr><td style="white-space:nowrap">500155<a name="cq-administrativedivision-code-system-500155"> </a></td><td>梁平区</td></tr><tr><td style="white-space:nowrap">500156<a name="cq-administrativedivision-code-system-500156"> </a></td><td>武隆区</td></tr><tr><td style="white-space:nowrap">500200<a name="cq-administrativedivision-code-system-500200"> </a></td><td>县</td></tr><tr><td style="white-space:nowrap">500229<a name="cq-administrativedivision-code-system-500229"> </a></td><td>城口县</td></tr><tr><td style="white-space:nowrap">500230<a name="cq-administrativedivision-code-system-500230"> </a></td><td>丰都县</td></tr><tr><td style="white-space:nowrap">500231<a name="cq-administrativedivision-code-system-500231"> </a></td><td>垫江县</td></tr><tr><td style="white-space:nowrap">500233<a name="cq-administrativedivision-code-system-500233"> </a></td><td>忠县</td></tr><tr><td style="white-space:nowrap">500235<a name="cq-administrativedivision-code-system-500235"> </a></td><td>云阳县</td></tr><tr><td style="white-space:nowrap">500236<a name="cq-administrativedivision-code-system-500236"> </a></td><td>奉节县</td></tr><tr><td style="white-space:nowrap">500237<a name="cq-administrativedivision-code-system-500237"> </a></td><td>巫山县</td></tr><tr><td style="white-space:nowrap">500238<a name="cq-administrativedivision-code-system-500238"> </a></td><td>巫溪县</td></tr><tr><td style="white-space:nowrap">500240<a name="cq-administrativedivision-code-system-500240"> </a></td><td>石柱土家族自治县</td></tr><tr><td style="white-space:nowrap">500241<a name="cq-administrativedivision-code-system-500241"> </a></td><td>秀山土家族苗族自治县</td></tr><tr><td style="white-space:nowrap">500242<a name="cq-administrativedivision-code-system-500242"> </a></td><td>酉阳土家族苗族自治县</td></tr><tr><td style="white-space:nowrap">500243<a name="cq-administrativedivision-code-system-500243"> </a></td><td>彭水苗族土家族自治县</td></tr></table></div>
  </text>
  <url value="http://fhir.cq.hc/CodeSystem/cq-administrativedivision-code-system"/>
  <version value="0.1.0"/>
  <name value="CQAdministrativeDivisionCS"/>
  <title value="重庆区级行政区划代码"/>
  <status value="active"/>
  <experimental value="false"/>
  <date value="2024-11-25T10:53:49+08:00"/>
  <publisher value="重庆市卫生健康统计信息中心"/>
  <contact>
    <name value="重庆市卫生健康统计信息中心"/>
    <telecom>
      <system value="url"/>
      <value value="http://www.cqshic.com"/>
    </telecom>
  </contact>
  <description value="重庆区级行政区划代码，来源于统一直报系统字典。"/>
  <caseSensitive value="true"/>
  <content value="complete"/>
  <count value="45"/>
  <concept>
    <code value="000000"/>
    <display value="全国"/>
  </concept>
  <concept>
    <code value="500000"/>
    <display value="重庆市"/>
  </concept>
  <concept>
    <code value="500100"/>
    <display value="市辖区"/>
  </concept>
  <concept>
    <code value="500101"/>
    <display value="万州区"/>
  </concept>
  <concept>
    <code value="500102"/>
    <display value="涪陵区"/>
  </concept>
  <concept>
    <code value="500103"/>
    <display value="渝中区"/>
  </concept>
  <concept>
    <code value="500104"/>
    <display value="大渡口区"/>
  </concept>
  <concept>
    <code value="500105"/>
    <display value="江北区"/>
  </concept>
  <concept>
    <code value="500106"/>
    <display value="沙坪坝区"/>
  </concept>
  <concept>
    <code value="500107"/>
    <display value="九龙坡区"/>
  </concept>
  <concept>
    <code value="500108"/>
    <display value="南岸区"/>
  </concept>
  <concept>
    <code value="500109"/>
    <display value="北碚区"/>
  </concept>
  <concept>
    <code value="500110"/>
    <display value="綦江区"/>
  </concept>
  <concept>
    <code value="500111"/>
    <display value="大足区"/>
  </concept>
  <concept>
    <code value="500112"/>
    <display value="渝北区"/>
  </concept>
  <concept>
    <code value="500113"/>
    <display value="巴南区"/>
  </concept>
  <concept>
    <code value="500114"/>
    <display value="黔江区"/>
  </concept>
  <concept>
    <code value="500115"/>
    <display value="长寿区"/>
  </concept>
  <concept>
    <code value="500116"/>
    <display value="江津区"/>
  </concept>
  <concept>
    <code value="500117"/>
    <display value="合川区"/>
  </concept>
  <concept>
    <code value="500118"/>
    <display value="永川区"/>
  </concept>
  <concept>
    <code value="500119"/>
    <display value="南川区"/>
  </concept>
  <concept>
    <code value="500120"/>
    <display value="璧山区"/>
  </concept>
  <concept>
    <code value="500131"/>
    <display value="万盛经开区"/>
  </concept>
  <concept>
    <code value="500132"/>
    <display value="两江新区"/>
  </concept>
  <concept>
    <code value="500133"/>
    <display value="高新区"/>
  </concept>
  <concept>
    <code value="500151"/>
    <display value="铜梁区"/>
  </concept>
  <concept>
    <code value="500152"/>
    <display value="潼南区"/>
  </concept>
  <concept>
    <code value="500153"/>
    <display value="荣昌区"/>
  </concept>
  <concept>
    <code value="500154"/>
    <display value="开州区"/>
  </concept>
  <concept>
    <code value="500155"/>
    <display value="梁平区"/>
  </concept>
  <concept>
    <code value="500156"/>
    <display value="武隆区"/>
  </concept>
  <concept>
    <code value="500200"/>
    <display value="县"/>
  </concept>
  <concept>
    <code value="500229"/>
    <display value="城口县"/>
  </concept>
  <concept>
    <code value="500230"/>
    <display value="丰都县"/>
  </concept>
  <concept>
    <code value="500231"/>
    <display value="垫江县"/>
  </concept>
  <concept>
    <code value="500233"/>
    <display value="忠县"/>
  </concept>
  <concept>
    <code value="500235"/>
    <display value="云阳县"/>
  </concept>
  <concept>
    <code value="500236"/>
    <display value="奉节县"/>
  </concept>
  <concept>
    <code value="500237"/>
    <display value="巫山县"/>
  </concept>
  <concept>
    <code value="500238"/>
    <display value="巫溪县"/>
  </concept>
  <concept>
    <code value="500240"/>
    <display value="石柱土家族自治县"/>
  </concept>
  <concept>
    <code value="500241"/>
    <display value="秀山土家族苗族自治县"/>
  </concept>
  <concept>
    <code value="500242"/>
    <display value="酉阳土家族苗族自治县"/>
  </concept>
  <concept>
    <code value="500243"/>
    <display value="彭水苗族土家族自治县"/>
  </concept>
</CodeSystem>