<?xml version="1.0" encoding="UTF-8"?>

<ValueSet xmlns="http://hl7.org/fhir">
  <id value="cq-streetdivision-vs"/>
  <text>
    <status value="generated"/><div xmlns="http://www.w3.org/1999/xhtml"><p class="res-header-id"><b>Generated Narrative: ValueSet cq-streetdivision-vs</b></p><a name="cq-streetdivision-vs"> </a><a name="hccq-streetdivision-vs"> </a><a name="cq-streetdivision-vs-und"> </a><ul><li>Include all codes defined in <a href="CodeSystem-cq-streetdivision-code-system.html"><code>http://fhir.cq.hc/CodeSystem/cq-streetdivision-code-system</code></a></li></ul></div>
  </text>
  <url value="http://fhir.cq.hc/ValueSet/cq-streetdivision-vs"/>
  <version value="0.1.0"/>
  <name value="CQStreetDivisionVS"/>
  <title value="重庆（乡镇街道级）行政区划值集"/>
  <status value="draft"/>
  <experimental value="false"/>
  <date value="2024-11-25T10:53:49+08:00"/>
  <publisher value="重庆市卫生健康统计信息中心"/>
  <contact>
    <name value="重庆市卫生健康统计信息中心"/>
    <telecom>
      <system value="url"/>
      <value value="http://www.cqshic.com"/>
    </telecom>
  </contact>
  <description value="重庆（乡镇街道级）行政区划值集"/>
  <compose>
    <include>
      <system value="http://fhir.cq.hc/CodeSystem/cq-streetdivision-code-system"/>
    </include>
  </compose>
</ValueSet>