{
  "resourceType" : "ValueSet",
  "id" : "healthcareinstitutionstype-vs",
  "text" : {
    "status" : "generated",
    "div" : "<div xmlns=\"http://www.w3.org/1999/xhtml\"><p class=\"res-header-id\"><b>Generated Narrative: ValueSet healthcareinstitutionstype-vs</b></p><a name=\"healthcareinstitutionstype-vs\"> </a><a name=\"hchealthcareinstitutionstype-vs\"> </a><a name=\"healthcareinstitutionstype-vs-und\"> </a><ul><li>Include all codes defined in <a href=\"CodeSystem-healthcareinstitutionstype-code-system.html\"><code>http://fhir.cq.hc/CodeSystem/healthcareinstitutionstype-code-system</code></a></li></ul></div>"
  },
  "url" : "http://fhir.cq.hc/ValueSet/healthcareinstitutionstype-vs",
  "version" : "0.1.0",
  "name" : "HealthcareInstitutionsTypeVS",
  "title" : "卫生机构（组织）分类与代码值集",
  "status" : "draft",
  "experimental" : false,
  "date" : "2024-11-25T10:53:49+08:00",
  "publisher" : "重庆市卫生健康统计信息中心",
  "contact" : [{
    "name" : "重庆市卫生健康统计信息中心",
    "telecom" : [{
      "system" : "url",
      "value" : "http://www.cqshic.com"
    }]
  }],
  "description" : "行业标准WS 218-2002 卫生机构（组织）分类与代码值集",
  "compose" : {
    "include" : [{
      "system" : "http://fhir.cq.hc/CodeSystem/healthcareinstitutionstype-code-system"
    }]
  }
}