{
  "resourceType" : "ValueSet",
  "id" : "cn-hospitalleve-vs",
  "text" : {
    "status" : "generated",
    "div" : "<div xmlns=\"http://www.w3.org/1999/xhtml\"><p class=\"res-header-id\"><b>Generated Narrative: ValueSet cn-hospitalleve-vs</b></p><a name=\"cn-hospitalleve-vs\"> </a><a name=\"hccn-hospitalleve-vs\"> </a><a name=\"cn-hospitalleve-vs-und\"> </a><ul><li>Include all codes defined in <a href=\"CodeSystem-cn-hospitalleve-code-system.html\"><code>http://fhir.cq.hc/CodeSystem/cn-hospitalleve-code-system</code></a></li></ul></div>"
  },
  "url" : "http://fhir.cq.hc/ValueSet/cn-hospitalleve-vs",
  "version" : "0.1.0",
  "name" : "CNHospitalLevelVS",
  "title" : "中国医院三级评审等级值集",
  "status" : "draft",
  "experimental" : false,
  "date" : "2024-11-25T10:53:49+08:00",
  "publisher" : "重庆市卫生健康统计信息中心",
  "contact" : [{
    "name" : "重庆市卫生健康统计信息中心",
    "telecom" : [{
      "system" : "url",
      "value" : "http://www.cqshic.com"
    }]
  }],
  "description" : "中国医院三级评审等级值集",
  "compose" : {
    "include" : [{
      "system" : "http://fhir.cq.hc/CodeSystem/cn-hospitalleve-code-system"
    }]
  }
}